{
  "canvas": {
    "width_mm": 457.2,
    "height_mm": 254.0
  },
  "text": {
    "path_d": "M 20.320 73.093 L 48.763 73.093 L 48.763 115.131 L 90.730 115.131 L 90.730 73.093 L 119.173 73.093 L 119.173 183.413 L 90.730 183.413 L 90.730 136.647 L 48.763 136.647 L 48.763 183.413 L 20.320 183.413 L 20.320 73.093 Z M 228.365 141.824 L 228.365 149.343 L 166.537 149.343 Q 167.483 158.659 173.252 163.316 Q 179.021 167.974 189.353 167.974 Q 197.699 167.974 206.448 165.492 Q 215.219 163.009 224.464 157.997 L 224.464 178.377 Q 215.077 181.924 205.691 183.744 Q 196.304 185.565 186.918 185.565 Q 164.457 185.565 151.997 174.145 Q 139.560 162.725 139.560 142.108 Q 139.560 121.869 151.784 110.284 Q 164.007 98.675 185.452 98.675 Q 204.958 98.675 216.662 110.426 Q 228.365 122.153 228.365 141.824 Z M 201.175 133.029 Q 201.175 125.487 196.777 120.876 Q 192.380 116.242 185.287 116.242 Q 177.602 116.242 172.803 120.569 Q 168.003 124.896 166.821 133.029 L 201.175 133.029 Z M 248.406 68.435 L 274.839 68.435 L 274.839 183.413 L 248.406 183.413 L 248.406 68.435 Z M 300.274 68.435 L 326.707 68.435 L 326.707 183.413 L 300.274 183.413 L 300.274 68.435 Z M 391.508 117.590 Q 382.713 117.590 378.102 123.903 Q 373.492 130.216 373.492 142.108 Q 373.492 154.001 378.102 160.337 Q 382.713 166.650 391.508 166.650 Q 400.162 166.650 404.725 160.337 Q 409.312 154.001 409.312 142.108 Q 409.312 130.216 404.725 123.903 Q 400.162 117.590 391.508 117.590 Z M 391.508 98.675 Q 412.858 98.675 424.869 110.213 Q 436.880 121.728 436.880 142.108 Q 436.880 162.513 424.869 174.051 Q 412.858 185.565 391.508 185.565 Q 370.087 185.565 358.005 174.051 Q 345.923 162.513 345.923 142.108 Q 345.923 121.728 358.005 110.213 Q 370.087 98.675 391.508 98.675 Z",
    "x_mm": 20.319999999999993,
    "y_mm": 68.43505743293579,
    "width_mm": 416.56,
    "height_mm": 117.12988513412843
  },
  "backing": {
    "path_d": "M 20.320 0.000 L 436.880 0.000 Q 457.200 0.000 457.200 20.320 L 457.200 233.680 Q 457.200 254.000 436.880 254.000 L 20.320 254.000 Q 0.000 254.000 0.000 233.680 L 0.000 20.320 Q 0.000 0.000 20.320 0.000 Z"
  },
  "decor": [
    "M 68.580 38.800 L 71.754 46.431 L 79.993 47.092 L 73.716 52.469 L 75.633 60.508 L 68.580 56.200 L 61.527 60.508 L 63.444 52.469 L 57.167 47.092 L 65.406 46.431 Z",
    "M 388.620 45.880 L 391.265 52.239 L 398.131 52.790 L 392.900 57.271 L 394.498 63.970 L 388.620 60.380 L 382.742 63.970 L 384.340 57.271 L 379.109 52.790 L 385.975 52.239 Z"
  ],
  "holes": [
    {
      "cx": 54.864,
      "cy": 223.52,
      "r": 3.0,
      "type": "LED feed"
    },
    {
      "cx": 82.29599999999999,
      "cy": 25.400000000000002,
      "r": 3.0,
      "type": "mount"
    },
    {
      "cx": 374.904,
      "cy": 25.400000000000002,
      "r": 3.0,
      "type": "mount"
    }
  ],
  "stand_slots": [],
  "led_length_mm": 1143.4514138505963,
  "spec": {
    "text": "Hello",
    "font_label": "Modern Sans",
    "led_color_name": "Warm White",
    "backing_color": "#111111",
    "backing_material": "3mm White Acrylic",
    "width_in": 18,
    "height_in": 10,
    "backing_style": "Rounded Rectangle",
    "mount_style": "Wall Mount",
    "decor_style": "Stars",
    "margin_in": 0.8,
    "hole_diameter_mm": 6,
    "led_channel_offset_mm": 2.2,
    "shelf_feet_depth_in": 3.5
  }
}